race_id,driver_id,y_true,y_pred
2022_R06,Max Verstappen,1.0,2.2636986
2022_R06,Daniel Ricciardo,12.0,11.177074
2022_R06,Lando Norris,8.0,8.926752
2022_R06,Sebastian Vettel,11.0,11.828122
2022_R06,Nicholas Latifi,16.0,16.429874
2022_R06,Pierre Gasly,13.0,12.199614
2022_R06,Sergio Perez,2.0,3.89287
2022_R06,Fernando Alonso,9.0,11.160438
2022_R06,Charles Leclerc,20.0,14.815467
2022_R06,Lance Stroll,15.0,15.395309
2022_R06,Kevin Magnussen,17.0,15.397407
2022_R06,Yuki Tsunoda,10.0,10.644702
2022_R06,Alexander Albon,18.0,16.950384
2022_R06,Guanyu Zhou,19.0,16.50744
2022_R06,Esteban Ocon,7.0,6.678968
2022_R06,Lewis Hamilton,5.0,5.9077735
2022_R06,Mick Schumacher,14.0,14.898016
2022_R06,Carlos Sainz,4.0,2.937359
2022_R06,George Russell,3.0,3.3027284
2022_R06,Valtteri Bottas,6.0,7.569629
2022_R07,Max Verstappen,3.0,4.454087
2022_R07,Daniel Ricciardo,13.0,11.947796
2022_R07,Lando Norris,6.0,5.4208984
2022_R07,Sebastian Vettel,10.0,10.052911
2022_R07,Nicholas Latifi,15.0,14.648844
2022_R07,Pierre Gasly,11.0,12.111922
2022_R07,Sergio Perez,1.0,3.2434945
2022_R07,Fernando Alonso,7.0,7.6879163
2022_R07,Charles Leclerc,4.0,4.702078
2022_R07,Lance Stroll,14.0,13.764557
2022_R07,Kevin Magnussen,20.0,17.64357
2022_R07,Yuki Tsunoda,17.0,12.617898
2022_R07,Alexander Albon,18.0,15.669251
2022_R07,Guanyu Zhou,16.0,12.990341
2022_R07,Esteban Ocon,12.0,12.522536
2022_R07,Lewis Hamilton,8.0,8.657148
2022_R07,Mick Schumacher,19.0,14.99616
2022_R07,Carlos Sainz,2.0,3.0144744
2022_R07,George Russell,5.0,5.5212917
2022_R07,Valtteri Bottas,9.0,8.652356
2022_R08,Max Verstappen,1.0,1.0
2022_R08,Daniel Ricciardo,8.0,8.267149
2022_R08,Lando Norris,9.0,7.088276
2022_R08,Sebastian Vettel,6.0,6.9257927
2022_R08,Nicholas Latifi,15.0,14.267131
2022_R08,Pierre Gasly,5.0,6.5172663
2022_R08,Sergio Perez,2.0,1.1772949
2022_R08,Fernando Alonso,7.0,7.9657016
2022_R08,Charles Leclerc,19.0,17.590885
2022_R08,Lance Stroll,16.0,14.844743
2022_R08,Kevin Magnussen,17.0,16.176886
2022_R08,Yuki Tsunoda,13.0,14.285936
2022_R08,Alexander Albon,12.0,12.188674
2022_R08,Guanyu Zhou,18.0,18.160522
2022_R08,Esteban Ocon,10.0,9.558663
2022_R08,Lewis Hamilton,4.0,3.2879968
2022_R08,Mick Schumacher,14.0,13.2434435
2022_R08,Carlos Sainz,20.0,18.710478
2022_R08,George Russell,3.0,2.583799
2022_R08,Valtteri Bottas,11.0,10.319233
2022_R09,Max Verstappen,1.0,1.2779441
2022_R09,Daniel Ricciardo,11.0,12.573757
2022_R09,Lando Norris,15.0,14.552343
2022_R09,Sebastian Vettel,12.0,13.280411
2022_R09,Nicholas Latifi,16.0,15.594211
2022_R09,Pierre Gasly,14.0,13.076923
2022_R09,Sergio Perez,20.0,19.716602
2022_R09,Fernando Alonso,9.0,13.970402
2022_R09,Charles Leclerc,5.0,9.129009
2022_R09,Lance Stroll,10.0,11.403059
2022_R09,Kevin Magnussen,17.0,17.722279
2022_R09,Yuki Tsunoda,18.0,15.046139
2022_R09,Alexander Albon,13.0,12.117476
2022_R09,Guanyu Zhou,8.0,10.79331
2022_R09,Esteban Ocon,6.0,5.6393104
2022_R09,Lewis Hamilton,3.0,3.087663
2022_R09,Mick Schumacher,19.0,19.631271
2022_R09,Carlos Sainz,2.0,1.9766419
2022_R09,George Russell,4.0,5.7682095
2022_R09,Valtteri Bottas,7.0,7.7158527
2022_R10,Max Verstappen,7.0,7.836025
2022_R10,Daniel Ricciardo,13.0,13.16476
2022_R10,Lando Norris,6.0,5.0600514
2022_R10,Sebastian Vettel,9.0,8.64549
2022_R10,Nicholas Latifi,12.0,14.123663
2022_R10,Pierre Gasly,16.0,14.413309
2022_R10,Sergio Perez,2.0,2.5794103
2022_R10,Fernando Alonso,5.0,5.046493
2022_R10,Charles Leclerc,4.0,3.6455624
2022_R10,Lance Stroll,11.0,10.477813
2022_R10,Kevin Magnussen,10.0,12.088002
2022_R10,Yuki Tsunoda,14.0,13.070981
2022_R10,Alexander Albon,20.0,20.0
2022_R10,Guanyu Zhou,19.0,18.437294
2022_R10,Esteban Ocon,15.0,13.773683
2022_R10,Lewis Hamilton,3.0,2.2173688
2022_R10,Mick Schumacher,8.0,10.967569
2022_R10,Carlos Sainz,1.0,1.6795144
2022_R10,George Russell,18.0,19.862667
2022_R10,Valtteri Bottas,17.0,17.487392
2022_R11,Max Verstappen,2.0,2.571753
2022_R11,Daniel Ricciardo,9.0,8.728167
2022_R11,Lando Norris,7.0,7.486695
2022_R11,Sebastian Vettel,17.0,14.737744
2022_R11,Nicholas Latifi,19.0,17.790379
2022_R11,Pierre Gasly,15.0,14.485714
2022_R11,Sergio Perez,20.0,18.907688
2022_R11,Fernando Alonso,10.0,9.371996
2022_R11,Charles Leclerc,1.0,1.9895436
2022_R11,Lance Stroll,13.0,11.998744
2022_R11,Kevin Magnussen,8.0,8.4531765
2022_R11,Yuki Tsunoda,16.0,15.611923
2022_R11,Alexander Albon,12.0,11.929871
2022_R11,Guanyu Zhou,14.0,13.461323
2022_R11,Esteban Ocon,5.0,5.6136446
2022_R11,Lewis Hamilton,3.0,5.0878296
2022_R11,Mick Schumacher,6.0,6.561053
2022_R11,Carlos Sainz,18.0,15.639022
2022_R11,George Russell,4.0,3.3800402
2022_R11,Valtteri Bottas,11.0,13.212695
2022_R12,Max Verstappen,1.0,2.3008664
2022_R12,Daniel Ricciardo,9.0,8.432044
2022_R12,Lando Norris,7.0,8.181653
2022_R12,Sebastian Vettel,11.0,10.994519
2022_R12,Nicholas Latifi,17.0,15.822054
2022_R12,Pierre Gasly,12.0,13.142998
2022_R12,Sergio Perez,4.0,4.04921
2022_R12,Fernando Alonso,6.0,5.881859
2022_R12,Charles Leclerc,19.0,20.0
2022_R12,Lance Stroll,10.0,10.729792
2022_R12,Kevin Magnussen,18.0,16.500072
2022_R12,Yuki Tsunoda,20.0,17.318491
2022_R12,Alexander Albon,13.0,12.968227
2022_R12,Guanyu Zhou,16.0,15.777203
2022_R12,Esteban Ocon,8.0,9.196855
2022_R12,Lewis Hamilton,2.0,2.3450077
2022_R12,Mick Schumacher,15.0,14.253391
2022_R12,Carlos Sainz,5.0,6.56136
2022_R12,George Russell,3.0,3.9146159
2022_R12,Valtteri Bottas,14.0,14.38784
2022_R13,Max Verstappen,1.0,6.180269
2022_R13,Daniel Ricciardo,15.0,13.28242
2022_R13,Lando Norris,7.0,6.472631
2022_R13,Sebastian Vettel,10.0,9.496681
2022_R13,Nicholas Latifi,18.0,16.742765
2022_R13,Pierre Gasly,12.0,15.064078
2022_R13,Sergio Perez,5.0,6.9615226
2022_R13,Fernando Alonso,8.0,8.209636
2022_R13,Charles Leclerc,6.0,5.8479104
2022_R13,Lance Stroll,11.0,11.638542
2022_R13,Kevin Magnussen,16.0,14.90211
2022_R13,Yuki Tsunoda,19.0,16.865295
2022_R13,Alexander Albon,17.0,16.240168
2022_R13,Guanyu Zhou,13.0,12.554646
2022_R13,Esteban Ocon,9.0,14.526296
2022_R13,Lewis Hamilton,2.0,3.2293293
2022_R13,Mick Schumacher,14.0,13.822537
2022_R13,Carlos Sainz,4.0,5.4409413
2022_R13,George Russell,3.0,3.418642
2022_R13,Valtteri Bottas,20.0,17.339403
2022_R14,Max Verstappen,1.0,5.6332903
2022_R14,Daniel Ricciardo,15.0,15.228899
2022_R14,Lando Norris,12.0,10.653379
2022_R14,Sebastian Vettel,8.0,8.804724
2022_R14,Nicholas Latifi,18.0,16.974108
2022_R14,Pierre Gasly,9.0,11.574086
2022_R14,Sergio Perez,2.0,2.5538847
2022_R14,Fernando Alonso,5.0,6.4548397
2022_R14,Charles Leclerc,6.0,7.2939124
2022_R14,Lance Stroll,11.0,12.055653
2022_R14,Kevin Magnussen,16.0,15.480383
2022_R14,Yuki Tsunoda,13.0,14.113652
2022_R14,Alexander Albon,10.0,11.018861
2022_R14,Guanyu Zhou,14.0,14.221447
2022_R14,Esteban Ocon,7.0,9.2912
2022_R14,Lewis Hamilton,20.0,19.561176
2022_R14,Mick Schumacher,17.0,16.412058
2022_R14,Carlos Sainz,3.0,3.376201
2022_R14,George Russell,4.0,3.5150754
2022_R14,Valtteri Bottas,19.0,19.859764
2022_R15,Max Verstappen,1.0,2.0373628
2022_R15,Daniel Ricciardo,17.0,16.645563
2022_R15,Lando Norris,7.0,6.321953
2022_R15,Sebastian Vettel,14.0,13.145538
2022_R15,Nicholas Latifi,18.0,16.22177
2022_R15,Pierre Gasly,11.0,10.444143
2022_R15,Sergio Perez,5.0,4.2985454
2022_R15,Fernando Alonso,6.0,5.546115
2022_R15,Charles Leclerc,3.0,2.8386264
2022_R15,Lance Stroll,10.0,9.283393
2022_R15,Kevin Magnussen,15.0,14.09628
2022_R15,Yuki Tsunoda,20.0,19.258984
2022_R15,Alexander Albon,12.0,12.096425
2022_R15,Guanyu Zhou,16.0,14.748341
2022_R15,Esteban Ocon,9.0,8.488656
2022_R15,Lewis Hamilton,4.0,3.3635375
2022_R15,Mick Schumacher,13.0,11.322465
2022_R15,Carlos Sainz,8.0,7.5572133
2022_R15,George Russell,2.0,3.517227
2022_R15,Valtteri Bottas,19.0,18.702396
2022_R16,Max Verstappen,1.0,2.325214
2022_R16,Daniel Ricciardo,17.0,17.80057
2022_R16,Lando Norris,7.0,7.407298
2022_R16,Sebastian Vettel,20.0,19.955635
2022_R16,Nicholas Latifi,15.0,15.577838
2022_R16,Pierre Gasly,8.0,8.969965
2022_R16,Sergio Perez,6.0,5.62084
2022_R16,Fernando Alonso,19.0,19.940147
2022_R16,Charles Leclerc,2.0,2.7615101
2022_R16,Lance Stroll,18.0,17.8057
2022_R16,Kevin Magnussen,16.0,16.010237
2022_R16,Yuki Tsunoda,14.0,12.829033
2022_R16,Guanyu Zhou,10.0,10.560436
2022_R16,Esteban Ocon,11.0,10.312758
2022_R16,Lewis Hamilton,5.0,5.156461
2022_R16,Nyck De Vries,9.0,9.407983
2022_R16,Mick Schumacher,12.0,11.894265
2022_R16,Carlos Sainz,4.0,5.912529
2022_R16,George Russell,3.0,3.3554857
2022_R16,Valtteri Bottas,13.0,12.907149
2022_R17,Max Verstappen,7.0,5.706177
2022_R17,Daniel Ricciardo,5.0,8.745488
2022_R17,Lando Norris,4.0,4.2266054
2022_R17,Sebastian Vettel,8.0,9.219828
2022_R17,Nicholas Latifi,19.0,18.909332
2022_R17,Pierre Gasly,10.0,10.074571
2022_R17,Sergio Perez,1.0,2.814571
2022_R17,Fernando Alonso,18.0,18.428942
2022_R17,Charles Leclerc,2.0,2.5213952
2022_R17,Lance Stroll,6.0,7.259419
2022_R17,Kevin Magnussen,12.0,12.907265
2022_R17,Yuki Tsunoda,15.0,16.735382
2022_R17,Alexander Albon,17.0,16.726774
2022_R17,Guanyu Zhou,20.0,19.70098
2022_R17,Esteban Ocon,16.0,16.4958
2022_R17,Lewis Hamilton,9.0,14.666551
2022_R17,Mick Schumacher,13.0,13.542036
2022_R17,Carlos Sainz,3.0,2.8210156
2022_R17,George Russell,14.0,11.287998
2022_R17,Valtteri Bottas,11.0,11.413125
2022_R18,Max Verstappen,1.0,1.2527573
2022_R18,Daniel Ricciardo,11.0,11.580077
2022_R18,Lando Norris,10.0,9.932941
2022_R18,Sebastian Vettel,6.0,7.1615148
2022_R18,Nicholas Latifi,9.0,8.695276
2022_R18,Pierre Gasly,18.0,16.99481
2022_R18,Sergio Perez,2.0,2.3231843
2022_R18,Fernando Alonso,7.0,7.4900174
2022_R18,Charles Leclerc,3.0,2.9456446
2022_R18,Lance Stroll,12.0,11.564371
2022_R18,Kevin Magnussen,14.0,13.640255
2022_R18,Yuki Tsunoda,13.0,13.182804
2022_R18,Alexander Albon,20.0,18.828691
2022_R18,Guanyu Zhou,16.0,15.047597
2022_R18,Esteban Ocon,4.0,6.0326004
2022_R18,Lewis Hamilton,5.0,4.835564
2022_R18,Mick Schumacher,17.0,15.819097
2022_R18,Carlos Sainz,19.0,17.473618
2022_R18,George Russell,8.0,6.9388623
2022_R18,Valtteri Bottas,15.0,15.054078
2022_R19,Max Verstappen,1.0,1.4582201
2022_R19,Daniel Ricciardo,16.0,16.115154
2022_R19,Lando Norris,6.0,6.8381867
2022_R19,Sebastian Vettel,8.0,7.7911773
2022_R19,Nicholas Latifi,17.0,17.078032
2022_R19,Pierre Gasly,14.0,14.395352
2022_R19,Sergio Perez,4.0,2.882682
2022_R19,Fernando Alonso,7.0,8.709136
2022_R19,Charles Leclerc,3.0,4.3090014
2022_R19,Lance Stroll,18.0,15.382646
2022_R19,Kevin Magnussen,9.0,9.771066
2022_R19,Yuki Tsunoda,10.0,9.927015
2022_R19,Alexander Albon,13.0,14.755836
2022_R19,Guanyu Zhou,12.0,12.923865
2022_R19,Esteban Ocon,11.0,11.150161
2022_R19,Lewis Hamilton,2.0,2.49406
2022_R19,Mick Schumacher,15.0,15.985547
2022_R19,Carlos Sainz,20.0,18.107042
2022_R19,George Russell,5.0,4.435511
2022_R19,Valtteri Bottas,19.0,16.281666
2022_R20,Max Verstappen,1.0,1.9043773
2022_R20,Daniel Ricciardo,7.0,8.151415
2022_R20,Lando Norris,9.0,7.6496997
2022_R20,Sebastian Vettel,14.0,12.953514
2022_R20,Nicholas Latifi,18.0,17.046843
2022_R20,Pierre Gasly,11.0,11.804779
2022_R20,Sergio Perez,3.0,2.9111626
2022_R20,Fernando Alonso,19.0,18.225937
2022_R20,Charles Leclerc,6.0,4.4204698
2022_R20,Lance Stroll,15.0,14.392636
2022_R20,Kevin Magnussen,17.0,17.241169
2022_R20,Yuki Tsunoda,20.0,19.166853
2022_R20,Alexander Albon,12.0,12.217725
2022_R20,Guanyu Zhou,13.0,14.002572
2022_R20,Esteban Ocon,8.0,8.469857
2022_R20,Lewis Hamilton,2.0,2.0535455
2022_R20,Mick Schumacher,16.0,16.436966
2022_R20,Carlos Sainz,5.0,6.3143506
2022_R20,George Russell,4.0,4.0517497
2022_R20,Valtteri Bottas,10.0,14.137355
2022_R21,Max Verstappen,6.0,5.2294455
2022_R21,Daniel Ricciardo,20.0,19.919306
2022_R21,Lando Norris,18.0,14.483912
2022_R21,Sebastian Vettel,11.0,10.409142
2022_R21,Nicholas Latifi,16.0,15.97351
2022_R21,Pierre Gasly,14.0,13.580241
2022_R21,Sergio Perez,7.0,6.484901
2022_R21,Fernando Alonso,5.0,8.055774
2022_R21,Charles Leclerc,4.0,4.1359386
2022_R21,Lance Stroll,10.0,11.650505
2022_R21,Kevin Magnussen,19.0,18.90073
2022_R21,Yuki Tsunoda,17.0,12.653348
2022_R21,Alexander Albon,15.0,15.619456
2022_R21,Guanyu Zhou,12.0,12.532478
2022_R21,Esteban Ocon,8.0,8.020681
2022_R21,Lewis Hamilton,2.0,1.817558
2022_R21,Mick Schumacher,13.0,13.301059
2022_R21,Carlos Sainz,3.0,3.21437
2022_R21,George Russell,1.0,1.1907741
2022_R21,Valtteri Bottas,9.0,10.659383
2022_R22,Max Verstappen,1.0,1.2411875
2022_R22,Daniel Ricciardo,9.0,8.298746
2022_R22,Lando Norris,6.0,5.8154035
2022_R22,Sebastian Vettel,10.0,10.0897875
2022_R22,Nicholas Latifi,19.0,18.109175
2022_R22,Pierre Gasly,14.0,13.637261
2022_R22,Sergio Perez,3.0,3.0304468
2022_R22,Fernando Alonso,20.0,18.50867
2022_R22,Charles Leclerc,2.0,1.6236192
2022_R22,Lance Stroll,8.0,8.885212
2022_R22,Kevin Magnussen,17.0,16.73306
2022_R22,Yuki Tsunoda,11.0,11.2611065
2022_R22,Alexander Albon,13.0,13.431815
2022_R22,Guanyu Zhou,12.0,11.982466
2022_R22,Esteban Ocon,7.0,8.020287
2022_R22,Lewis Hamilton,18.0,16.664917
2022_R22,Mick Schumacher,16.0,14.545842
2022_R22,Carlos Sainz,4.0,3.6578429
2022_R22,George Russell,5.0,4.362874
2022_R22,Valtteri Bottas,15.0,14.034569
2023_R01,Max Verstappen,1.0,1.0
2023_R01,Logan Sargeant,12.0,10.895961
2023_R01,Lando Norris,17.0,13.961692
2023_R01,Pierre Gasly,9.0,7.912923
2023_R01,Sergio Perez,2.0,1.6516801
2023_R01,Fernando Alonso,3.0,2.9336948
2023_R01,Charles Leclerc,19.0,14.966427
2023_R01,Lance Stroll,6.0,6.900465
2023_R01,Kevin Magnussen,13.0,12.424388
2023_R01,Nyck De Vries,14.0,12.94759
2023_R01,Yuki Tsunoda,11.0,10.287319
2023_R01,Alexander Albon,10.0,10.076434
2023_R01,Guanyu Zhou,16.0,14.95803
2023_R01,Nico Hulkenberg,15.0,15.6358
2023_R01,Esteban Ocon,18.0,15.161246
2023_R01,Lewis Hamilton,5.0,4.282007
2023_R01,Carlos Sainz,4.0,3.7565355
2023_R01,George Russell,7.0,5.710576
2023_R01,Valtteri Bottas,8.0,8.1803875
2023_R01,Oscar Piastri,20.0,18.31323
2023_R02,Max Verstappen,2.0,2.6457644
2023_R02,Logan Sargeant,16.0,14.914878
2023_R02,Lando Norris,17.0,16.283659
2023_R02,Pierre Gasly,9.0,9.732645
2023_R02,Sergio Perez,1.0,1.3956629
2023_R02,Fernando Alonso,3.0,2.8764625
2023_R02,Charles Leclerc,7.0,5.7311926
2023_R02,Lance Stroll,20.0,16.472775
2023_R02,Kevin Magnussen,10.0,10.036646
2023_R02,Nyck De Vries,14.0,13.553856
2023_R02,Yuki Tsunoda,11.0,10.521397
2023_R02,Alexander Albon,19.0,18.870626
2023_R02,Guanyu Zhou,13.0,14.006489
2023_R02,Nico Hulkenberg,12.0,13.32399
2023_R02,Esteban Ocon,8.0,8.046692
2023_R02,Lewis Hamilton,5.0,4.5238595
2023_R02,Carlos Sainz,6.0,6.22179
2023_R02,George Russell,4.0,3.6593752
2023_R02,Valtteri Bottas,18.0,17.050673
2023_R02,Oscar Piastri,15.0,18.25728
2023_R03,Max Verstappen,1.0,1.0
2023_R03,Logan Sargeant,16.0,16.661024
2023_R03,Lando Norris,6.0,7.9371257
2023_R03,Pierre Gasly,13.0,13.649576
2023_R03,Sergio Perez,5.0,7.2976356
2023_R03,Fernando Alonso,3.0,3.1295252
2023_R03,Charles Leclerc,20.0,19.803766
2023_R03,Lance Stroll,4.0,4.3486404
2023_R03,Kevin Magnussen,17.0,17.083216
2023_R03,Nyck De Vries,15.0,14.862528
2023_R03,Yuki Tsunoda,10.0,11.484993
2023_R03,Alexander Albon,19.0,19.721876
2023_R03,Guanyu Zhou,9.0,10.267404
2023_R03,Nico Hulkenberg,7.0,7.7027073
2023_R03,Esteban Ocon,14.0,13.299446
2023_R03,Lewis Hamilton,2.0,1.6245993
2023_R03,Carlos Sainz,12.0,10.309665
2023_R03,George Russell,18.0,17.486425
2023_R03,Valtteri Bottas,11.0,11.702728
2023_R03,Oscar Piastri,8.0,9.188934
2023_R04,Max Verstappen,2.0,1.9252557
2023_R04,Logan Sargeant,16.0,16.79975
2023_R04,Lando Norris,9.0,10.421422
2023_R04,Pierre Gasly,14.0,12.921605
2023_R04,Sergio Perez,1.0,1.6041932
2023_R04,Fernando Alonso,4.0,4.1390023
2023_R04,Charles Leclerc,3.0,5.219458
2023_R04,Lance Stroll,7.0,6.795872
2023_R04,Kevin Magnussen,13.0,12.499996
2023_R04,Nyck De Vries,20.0,19.552103
2023_R04,Yuki Tsunoda,10.0,11.47505
2023_R04,Alexander Albon,12.0,11.908267
2023_R04,Guanyu Zhou,19.0,18.601086
2023_R04,Nico Hulkenberg,17.0,15.415254
2023_R04,Esteban Ocon,15.0,14.453652
2023_R04,Lewis Hamilton,6.0,6.051314
2023_R04,Carlos Sainz,5.0,5.2727976
2023_R04,George Russell,8.0,7.163794
2023_R04,Valtteri Bottas,18.0,16.482847
2023_R04,Oscar Piastri,11.0,10.092621
2023_R05,Max Verstappen,1.0,3.4334385
2023_R05,Logan Sargeant,20.0,18.913443
2023_R05,Lando Norris,17.0,16.586208
2023_R05,Pierre Gasly,8.0,9.5607605
2023_R05,Sergio Perez,2.0,2.0917766
2023_R05,Fernando Alonso,3.0,3.0176857
2023_R05,Charles Leclerc,7.0,5.8073163
2023_R05,Lance Stroll,12.0,10.030162
2023_R05,Kevin Magnussen,10.0,15.229119
2023_R05,Nyck De Vries,18.0,18.01544
2023_R05,Yuki Tsunoda,11.0,10.527322
2023_R05,Alexander Albon,14.0,14.644654
2023_R05,Guanyu Zhou,16.0,16.28799
2023_R05,Nico Hulkenberg,15.0,14.394502
2023_R05,Esteban Ocon,9.0,8.939815
2023_R05,Lewis Hamilton,6.0,5.424947
2023_R05,Carlos Sainz,5.0,5.1184826
2023_R05,George Russell,4.0,4.0207458
2023_R05,Valtteri Bottas,13.0,13.63451
2023_R05,Oscar Piastri,19.0,18.1478
2023_R06,Max Verstappen,1.0,1.0324591
2023_R06,Logan Sargeant,18.0,17.46105
2023_R06,Lando Norris,9.0,8.81635
2023_R06,Pierre Gasly,7.0,7.1669903
2023_R06,Sergio Perez,16.0,10.130418
2023_R06,Fernando Alonso,2.0,2.0568833
2023_R06,Charles Leclerc,6.0,6.0227637
2023_R06,Lance Stroll,20.0,18.33603
2023_R06,Kevin Magnussen,19.0,18.972456
2023_R06,Nyck De Vries,12.0,12.420207
2023_R06,Yuki Tsunoda,15.0,16.287407
2023_R06,Alexander Albon,14.0,14.582986
2023_R06,Guanyu Zhou,13.0,13.623638
2023_R06,Nico Hulkenberg,17.0,16.632866
2023_R06,Esteban Ocon,3.0,4.0437613
2023_R06,Lewis Hamilton,4.0,4.1046066
2023_R06,Carlos Sainz,8.0,7.998559
2023_R06,George Russell,5.0,4.8316503
2023_R06,Valtteri Bottas,11.0,11.07246
2023_R06,Oscar Piastri,10.0,9.419919
2023_R07,Max Verstappen,1.0,1.0
2023_R07,Logan Sargeant,20.0,18.623053
2023_R07,Lando Norris,17.0,16.422056
2023_R07,Pierre Gasly,10.0,10.041531
2023_R07,Sergio Perez,4.0,4.980453
2023_R07,Fernando Alonso,7.0,5.144649
2023_R07,Charles Leclerc,11.0,7.6650214
2023_R07,Lance Stroll,6.0,6.6040564
2023_R07,Kevin Magnussen,18.0,17.529642
2023_R07,Nyck De Vries,14.0,14.129969
2023_R07,Yuki Tsunoda,12.0,11.927268
2023_R07,Alexander Albon,16.0,16.19232
2023_R07,Guanyu Zhou,9.0,9.382182
2023_R07,Nico Hulkenberg,15.0,13.775044
2023_R07,Esteban Ocon,8.0,8.454427
2023_R07,Lewis Hamilton,2.0,2.643095
2023_R07,Carlos Sainz,5.0,6.083697
2023_R07,George Russell,3.0,5.767291
2023_R07,Valtteri Bottas,19.0,18.367897
2023_R07,Oscar Piastri,13.0,13.408033
2023_R08,Max Verstappen,1.0,1.0
2023_R08,Logan Sargeant,20.0,19.526863
2023_R08,Lando Norris,13.0,12.239739
2023_R08,Pierre Gasly,12.0,11.139263
2023_R08,Sergio Perez,6.0,5.1684284
2023_R08,Fernando Alonso,2.0,1.7558976
2023_R08,Charles Leclerc,4.0,6.3179507
2023_R08,Lance Stroll,9.0,7.900834
2023_R08,Kevin Magnussen,17.0,16.697235
2023_R08,Nyck De Vries,18.0,17.458506
2023_R08,Yuki Tsunoda,14.0,14.068757
2023_R08,Alexander Albon,7.0,7.7581725
2023_R08,Guanyu Zhou,16.0,15.817531
2023_R08,Nico Hulkenberg,15.0,13.918711
2023_R08,Esteban Ocon,8.0,7.940182
2023_R08,Lewis Hamilton,3.0,2.7621727
2023_R08,Carlos Sainz,5.0,6.1303687
2023_R08,George Russell,19.0,20.0
2023_R08,Valtteri Bottas,10.0,10.617624
2023_R08,Oscar Piastri,11.0,11.494291
2023_R09,Max Verstappen,1.0,1.0568421
2023_R09,Logan Sargeant,13.0,12.909936
2023_R09,Lando Norris,4.0,4.6642604
2023_R09,Pierre Gasly,10.0,10.061398
2023_R09,Sergio Perez,3.0,3.6420887
2023_R09,Fernando Alonso,5.0,4.216258
2023_R09,Charles Leclerc,2.0,2.0095472
2023_R09,Lance Stroll,9.0,9.136227
2023_R09,Kevin Magnussen,18.0,17.456493
2023_R09,Nyck De Vries,17.0,17.285187
2023_R09,Yuki Tsunoda,19.0,18.427189
2023_R09,Alexander Albon,11.0,10.9632
2023_R09,Guanyu Zhou,12.0,12.413345
2023_R09,Nico Hulkenberg,20.0,18.718294
2023_R09,Esteban Ocon,14.0,13.0357065
2023_R09,Lewis Hamilton,8.0,6.632987
2023_R09,Carlos Sainz,6.0,5.589496
2023_R09,George Russell,7.0,6.033436
2023_R09,Valtteri Bottas,15.0,15.233756
2023_R09,Oscar Piastri,16.0,16.002745
2023_R10,Max Verstappen,1.0,2.1467917
2023_R10,Logan Sargeant,11.0,10.496853
2023_R10,Lando Norris,2.0,3.1623242
2023_R10,Pierre Gasly,18.0,18.00479
2023_R10,Sergio Perez,6.0,4.160062
2023_R10,Fernando Alonso,7.0,4.920782
2023_R10,Charles Leclerc,9.0,7.7703156
2023_R10,Lance Stroll,14.0,13.795635
2023_R10,Kevin Magnussen,19.0,19.365145
2023_R10,Nyck De Vries,17.0,17.305504
2023_R10,Yuki Tsunoda,16.0,16.415937
2023_R10,Alexander Albon,8.0,8.4477
2023_R10,Guanyu Zhou,15.0,14.917059
2023_R10,Nico Hulkenberg,13.0,13.433403
2023_R10,Esteban Ocon,20.0,20.0
2023_R10,Lewis Hamilton,3.0,3.6295455
2023_R10,Carlos Sainz,10.0,11.138201
2023_R10,George Russell,5.0,4.3753753
2023_R10,Valtteri Bottas,12.0,11.133194
2023_R10,Oscar Piastri,4.0,6.031897
2023_R11,Max Verstappen,1.0,1.3020244
2023_R11,Logan Sargeant,18.0,17.722652
2023_R11,Daniel Ricciardo,13.0,12.454353
2023_R11,Lando Norris,2.0,2.1638243
2023_R11,Pierre Gasly,20.0,19.913391
2023_R11,Sergio Perez,3.0,3.2597158
2023_R11,Fernando Alonso,9.0,7.8686757
2023_R11,Charles Leclerc,7.0,6.596429
2023_R11,Lance Stroll,10.0,10.371249
2023_R11,Kevin Magnussen,17.0,16.780092
2023_R11,Yuki Tsunoda,15.0,15.154947
2023_R11,Alexander Albon,11.0,11.030214
2023_R11,Guanyu Zhou,16.0,17.092596
2023_R11,Nico Hulkenberg,14.0,14.578779
2023_R11,Esteban Ocon,19.0,20.0
2023_R11,Lewis Hamilton,4.0,4.739222
2023_R11,Carlos Sainz,8.0,8.302723
2023_R11,George Russell,6.0,4.5464077
2023_R11,Valtteri Bottas,12.0,12.085908
2023_R11,Oscar Piastri,5.0,5.8687673
2023_R12,Max Verstappen,1.0,2.0680158
2023_R12,Logan Sargeant,17.0,17.10664
2023_R12,Daniel Ricciardo,16.0,15.530216
2023_R12,Lando Norris,7.0,6.3635135
2023_R12,Pierre Gasly,11.0,11.252261
2023_R12,Sergio Perez,2.0,1.9531877
2023_R12,Fernando Alonso,5.0,4.150043
2023_R12,Charles Leclerc,3.0,3.025331
2023_R12,Lance Stroll,9.0,8.471442
2023_R12,Kevin Magnussen,15.0,15.903254
2023_R12,Yuki Tsunoda,10.0,10.680981
2023_R12,Alexander Albon,14.0,14.326936
2023_R12,Guanyu Zhou,13.0,12.948283
2023_R12,Nico Hulkenberg,18.0,17.819935
2023_R12,Esteban Ocon,8.0,7.6742
2023_R12,Lewis Hamilton,4.0,4.0829754
2023_R12,Carlos Sainz,19.0,17.641983
2023_R12,George Russell,6.0,6.1791797
2023_R12,Valtteri Bottas,12.0,12.304812
2023_R12,Oscar Piastri,20.0,18.771164
2023_R13,Max Verstappen,1.0,1.3967642
2023_R13,Logan Sargeant,20.0,19.519793
2023_R13,Lando Norris,7.0,6.5303984
2023_R13,Pierre Gasly,3.0,6.5295877
2023_R13,Sergio Perez,4.0,4.8309007
2023_R13,Fernando Alonso,2.0,3.5718215
2023_R13,Charles Leclerc,19.0,17.064299
2023_R13,Lance Stroll,11.0,11.070778
2023_R13,Kevin Magnussen,16.0,12.5377245
2023_R13,Yuki Tsunoda,15.0,15.392881
2023_R13,Alexander Albon,8.0,8.10762
2023_R13,Guanyu Zhou,18.0,17.913807
2023_R13,Nico Hulkenberg,12.0,13.228237
2023_R13,Esteban Ocon,10.0,9.953739
2023_R13,Liam Lawson,13.0,13.6291685
2023_R13,Lewis Hamilton,6.0,6.1400414
2023_R13,Carlos Sainz,5.0,5.680491
2023_R13,George Russell,17.0,12.534629
2023_R13,Valtteri Bottas,14.0,14.343346
2023_R13,Oscar Piastri,9.0,8.234537
2023_R14,Max Verstappen,1.0,1.0
2023_R14,Logan Sargeant,13.0,12.834696
2023_R14,Lando Norris,8.0,6.4898834
2023_R14,Pierre Gasly,15.0,15.039811
2023_R14,Sergio Perez,2.0,2.2749603
2023_R14,Fernando Alonso,9.0,7.044494
2023_R14,Charles Leclerc,4.0,4.027683
2023_R14,Lance Stroll,16.0,15.448987
2023_R14,Kevin Magnussen,18.0,17.69658
2023_R14,Yuki Tsunoda,20.0,20.0
2023_R14,Alexander Albon,7.0,7.3797374
2023_R14,Guanyu Zhou,14.0,14.26311
2023_R14,Nico Hulkenberg,17.0,17.204576
2023_R14,Esteban Ocon,19.0,17.699068
2023_R14,Liam Lawson,11.0,11.15245
2023_R14,Lewis Hamilton,6.0,6.0179977
2023_R14,Carlos Sainz,3.0,4.677818
2023_R14,George Russell,5.0,5.7372947
2023_R14,Valtteri Bottas,10.0,10.339347
2023_R14,Oscar Piastri,12.0,11.625025
2023_R15,Max Verstappen,5.0,3.3518367
2023_R15,Logan Sargeant,14.0,13.840616
2023_R15,Lando Norris,2.0,2.0725071
2023_R15,Pierre Gasly,6.0,7.084681
2023_R15,Sergio Perez,8.0,5.424155
2023_R15,Fernando Alonso,15.0,14.952073
2023_R15,Charles Leclerc,4.0,4.0543222
2023_R15,Lance Stroll,21.0,19.243351
2023_R15,Kevin Magnussen,10.0,9.863291
2023_R15,Yuki Tsunoda,19.0,19.540306
2023_R15,Alexander Albon,11.0,11.104609
2023_R15,Guanyu Zhou,12.0,12.283144
2023_R15,Nico Hulkenberg,13.0,14.518111
2023_R15,Esteban Ocon,18.0,18.175999
2023_R15,Liam Lawson,9.0,9.367135
2023_R15,Lewis Hamilton,3.0,2.9836307
2023_R15,Carlos Sainz,1.0,2.2860255
2023_R15,George Russell,16.0,17.244741
2023_R15,Valtteri Bottas,17.0,17.294086
2023_R15,Oscar Piastri,7.0,7.31341
2023_R16,Max Verstappen,1.0,1.0
2023_R16,Logan Sargeant,17.0,16.307274
2023_R16,Lando Norris,2.0,2.101246
2023_R16,Pierre Gasly,10.0,9.332055
2023_R16,Sergio Perez,19.0,13.919922
2023_R16,Fernando Alonso,8.0,8.278615
2023_R16,Charles Leclerc,4.0,4.1882567
2023_R16,Lance Stroll,18.0,18.117119
2023_R16,Kevin Magnussen,15.0,14.471971
2023_R16,Yuki Tsunoda,12.0,11.892225
2023_R16,Alexander Albon,16.0,15.73477
2023_R16,Guanyu Zhou,13.0,13.02136
2023_R16,Nico Hulkenberg,14.0,13.96587
2023_R16,Esteban Ocon,9.0,9.743071
2023_R16,Liam Lawson,11.0,11.300373
2023_R16,Lewis Hamilton,5.0,4.827895
2023_R16,Carlos Sainz,6.0,6.0177827
2023_R16,George Russell,7.0,7.2332997
2023_R16,Valtteri Bottas,20.0,18.18719
2023_R16,Oscar Piastri,3.0,5.350233
2023_R17,Max Verstappen,1.0,1.0
2023_R17,Logan Sargeant,18.0,17.131115
2023_R17,Lando Norris,3.0,4.235842
2023_R17,Pierre Gasly,12.0,11.34955
2023_R17,Sergio Perez,10.0,8.323784
2023_R17,Fernando Alonso,6.0,5.80933
2023_R17,Charles Leclerc,5.0,5.029102
2023_R17,Lance Stroll,11.0,10.258634
2023_R17,Kevin Magnussen,14.0,13.494156
2023_R17,Yuki Tsunoda,15.0,16.085764
2023_R17,Alexander Albon,13.0,12.82226
2023_R17,Guanyu Zhou,9.0,8.999967
2023_R17,Nico Hulkenberg,16.0,15.495243
2023_R17,Esteban Ocon,7.0,7.570083
2023_R17,Liam Lawson,17.0,16.455975
2023_R17,Lewis Hamilton,19.0,19.148304
2023_R17,Carlos Sainz,20.0,18.926224
2023_R17,George Russell,4.0,4.257272
2023_R17,Valtteri Bottas,8.0,8.671748
2023_R17,Oscar Piastri,2.0,3.4422944
2023_R18,Max Verstappen,1.0,1.4349355
2023_R18,Logan Sargeant,10.0,10.047657
2023_R18,Daniel Ricciardo,15.0,15.409672
2023_R18,Lando Norris,2.0,2.0563705
2023_R18,Pierre Gasly,6.0,5.9980583
2023_R18,Sergio Perez,4.0,4.0487547
2023_R18,Fernando Alonso,16.0,14.168023
2023_R18,Charles Leclerc,20.0,18.403227
2023_R18,Lance Stroll,7.0,9.13624
2023_R18,Kevin Magnussen,14.0,13.631516
2023_R18,Yuki Tsunoda,8.0,9.1319685
2023_R18,Alexander Albon,9.0,9.169754
2023_R18,Guanyu Zhou,13.0,12.801685
2023_R18,Nico Hulkenberg,11.0,11.441939
2023_R18,Esteban Ocon,18.0,19.32422
2023_R18,Lewis Hamilton,19.0,17.050453
2023_R18,Carlos Sainz,3.0,3.2094145
2023_R18,George Russell,5.0,4.9633327
2023_R18,Valtteri Bottas,12.0,12.268501
2023_R18,Oscar Piastri,17.0,19.093952
2023_R19,Max Verstappen,1.0,1.0
2023_R19,Logan Sargeant,16.0,15.755107
2023_R19,Daniel Ricciardo,7.0,9.1138
2023_R19,Lando Norris,5.0,2.9677541
2023_R19,Pierre Gasly,11.0,10.893159
2023_R19,Sergio Perez,20.0,19.500475
2023_R19,Fernando Alonso,18.0,16.548687
2023_R19,Charles Leclerc,3.0,3.107597
2023_R19,Lance Stroll,17.0,16.232317
2023_R19,Kevin Magnussen,19.0,18.403624
2023_R19,Yuki Tsunoda,12.0,11.821748
2023_R19,Alexander Albon,9.0,9.166483
2023_R19,Guanyu Zhou,14.0,13.644186
2023_R19,Nico Hulkenberg,13.0,12.9836855
2023_R19,Esteban Ocon,10.0,10.282249
2023_R19,Lewis Hamilton,2.0,2.4484434
2023_R19,Carlos Sainz,4.0,3.8613808
2023_R19,George Russell,6.0,6.3197737
2023_R19,Valtteri Bottas,15.0,14.784093
2023_R19,Oscar Piastri,8.0,7.4236646
2023_R20,Max Verstappen,1.0,1.4817847
2023_R20,Logan Sargeant,11.0,11.422294
2023_R20,Daniel Ricciardo,13.0,13.203085
2023_R20,Lando Norris,2.0,2.2517407
2023_R20,Pierre Gasly,7.0,8.4469795
2023_R20,Sergio Perez,4.0,6.449453
2023_R20,Fernando Alonso,3.0,4.649449
2023_R20,Charles Leclerc,20.0,19.695107
2023_R20,Lance Stroll,5.0,6.5169053
2023_R20,Kevin Magnussen,18.0,18.930468
2023_R20,Yuki Tsunoda,9.0,9.682124
2023_R20,Alexander Albon,19.0,19.64977
2023_R20,Guanyu Zhou,17.0,16.921396
2023_R20,Nico Hulkenberg,12.0,11.49038
2023_R20,Esteban Ocon,10.0,10.642819
2023_R20,Lewis Hamilton,8.0,7.5999603
2023_R20,Carlos Sainz,6.0,6.1925006
2023_R20,George Russell,15.0,13.227361
2023_R20,Valtteri Bottas,16.0,15.925532
2023_R20,Oscar Piastri,14.0,11.705739
2023_R21,Max Verstappen,1.0,1.4676235
2023_R21,Logan Sargeant,16.0,16.744617
2023_R21,Daniel Ricciardo,14.0,13.234524
2023_R21,Lando Norris,20.0,17.357784
2023_R21,Pierre Gasly,11.0,14.5242195
2023_R21,Sergio Perez,3.0,4.758758
2023_R21,Fernando Alonso,9.0,9.068906
2023_R21,Charles Leclerc,2.0,2.2074382
2023_R21,Lance Stroll,5.0,7.943585
2023_R21,Kevin Magnussen,13.0,13.148329
2023_R21,Yuki Tsunoda,18.0,17.668226
2023_R21,Alexander Albon,12.0,15.399068
2023_R21,Guanyu Zhou,15.0,14.409165
2023_R21,Nico Hulkenberg,19.0,17.518383
2023_R21,Esteban Ocon,4.0,6.672351
2023_R21,Lewis Hamilton,7.0,6.200928
2023_R21,Carlos Sainz,6.0,5.777872
2023_R21,George Russell,8.0,8.736712
2023_R21,Valtteri Bottas,17.0,16.97912
2023_R21,Oscar Piastri,10.0,7.8001475
2023_R22,Max Verstappen,1.0,1.0273331
2023_R22,Logan Sargeant,16.0,16.182167
2023_R22,Daniel Ricciardo,11.0,11.104913
2023_R22,Lando Norris,5.0,5.2530904
2023_R22,Pierre Gasly,13.0,12.934109
2023_R22,Sergio Perez,4.0,3.8528626
2023_R22,Fernando Alonso,7.0,6.444679
2023_R22,Charles Leclerc,2.0,2.036822
2023_R22,Lance Stroll,10.0,9.751196
2023_R22,Kevin Magnussen,20.0,18.780447
2023_R22,Yuki Tsunoda,8.0,9.3868475
2023_R22,Alexander Albon,14.0,13.551813
2023_R22,Guanyu Zhou,17.0,17.018059
2023_R22,Nico Hulkenberg,15.0,14.52926
2023_R22,Esteban Ocon,12.0,11.694242
2023_R22,Lewis Hamilton,9.0,8.701274
2023_R22,Carlos Sainz,18.0,15.138032
2023_R22,George Russell,3.0,3.4245598
2023_R22,Valtteri Bottas,19.0,18.36537
2023_R22,Oscar Piastri,6.0,5.943554
2024_R01,Max Verstappen,1.0,1.0
2024_R01,Logan Sargeant,20.0,18.613466
2024_R01,Daniel Ricciardo,13.0,11.949888
2024_R01,Lando Norris,6.0,5.872589
2024_R01,Pierre Gasly,18.0,16.273186
2024_R01,Sergio Perez,2.0,2.214966
2024_R01,Fernando Alonso,9.0,8.145688
2024_R01,Charles Leclerc,4.0,4.0598073
2024_R01,Lance Stroll,10.0,9.99895
2024_R01,Kevin Magnussen,12.0,11.817326
2024_R01,Yuki Tsunoda,14.0,14.122227
2024_R01,Alexander Albon,15.0,15.418129
2024_R01,Guanyu Zhou,11.0,10.776529
2024_R01,Nico Hulkenberg,16.0,15.689724
2024_R01,Esteban Ocon,17.0,16.022644
2024_R01,Lewis Hamilton,7.0,7.5762143
2024_R01,Carlos Sainz,3.0,3.1852186
2024_R01,George Russell,5.0,5.156078
2024_R01,Valtteri Bottas,19.0,18.716707
2024_R01,Oscar Piastri,8.0,8.071348
2024_R02,Max Verstappen,1.0,1.0
2024_R02,Logan Sargeant,14.0,13.817752
2024_R02,Daniel Ricciardo,16.0,15.902391
2024_R02,Lando Norris,8.0,7.5795913
2024_R02,Pierre Gasly,20.0,19.89508
2024_R02,Sergio Perez,2.0,1.900091
2024_R02,Fernando Alonso,5.0,5.111289
2024_R02,Charles Leclerc,3.0,3.1561117
2024_R02,Lance Stroll,19.0,19.84568
2024_R02,Kevin Magnussen,12.0,11.86944
2024_R02,Yuki Tsunoda,15.0,15.38161
2024_R02,Alexander Albon,11.0,10.72616
2024_R02,Guanyu Zhou,18.0,17.221622
2024_R02,Nico Hulkenberg,10.0,10.327582
2024_R02,Esteban Ocon,13.0,12.944963
2024_R02,Oliver Bearman,7.0,7.5225396
2024_R02,Lewis Hamilton,9.0,8.767691
2024_R02,George Russell,6.0,5.6507115
2024_R02,Valtteri Bottas,17.0,17.182785
2024_R02,Oscar Piastri,4.0,3.880101
2024_R03,Max Verstappen,19.0,19.394514
2024_R03,Daniel Ricciardo,12.0,12.352249
2024_R03,Lando Norris,3.0,2.3155267
2024_R03,Pierre Gasly,13.0,12.887227
2024_R03,Sergio Perez,5.0,4.8001018
2024_R03,Fernando Alonso,8.0,7.5581393
2024_R03,Charles Leclerc,2.0,2.2234232
2024_R03,Lance Stroll,6.0,5.9445667
2024_R03,Kevin Magnussen,10.0,9.652149
2024_R03,Yuki Tsunoda,7.0,7.3055196
2024_R03,Alexander Albon,11.0,11.10508
2024_R03,Guanyu Zhou,15.0,15.44592
2024_R03,Nico Hulkenberg,9.0,9.441696
2024_R03,Esteban Ocon,16.0,15.67562
2024_R03,Lewis Hamilton,18.0,18.65307
2024_R03,Carlos Sainz,1.0,1.5075253
2024_R03,George Russell,17.0,17.28568
2024_R03,Valtteri Bottas,14.0,13.969774
2024_R03,Oscar Piastri,4.0,4.14294
2024_R04,Max Verstappen,1.0,1.3391922
2024_R04,Logan Sargeant,17.0,17.105347
2024_R04,Daniel Ricciardo,19.0,19.375792
2024_R04,Lando Norris,5.0,5.045999
2024_R04,Pierre Gasly,16.0,15.728845
2024_R04,Sergio Perez,2.0,2.1856031
2024_R04,Fernando Alonso,6.0,6.315554
2024_R04,Charles Leclerc,4.0,3.8647265
2024_R04,Lance Stroll,12.0,12.517739
2024_R04,Kevin Magnussen,13.0,12.744109
2024_R04,Yuki Tsunoda,10.0,10.5114155
2024_R04,Alexander Albon,20.0,19.060938
2024_R04,Guanyu Zhou,18.0,17.40744
2024_R04,Nico Hulkenberg,11.0,11.238471
2024_R04,Esteban Ocon,15.0,14.821912
2024_R04,Lewis Hamilton,9.0,9.447707
2024_R04,Carlos Sainz,3.0,2.9871578
2024_R04,George Russell,7.0,7.3467164
2024_R04,Valtteri Bottas,14.0,13.975088
2024_R04,Oscar Piastri,8.0,7.8332787
2024_R05,Max Verstappen,1.0,1.0947281
2024_R05,Logan Sargeant,17.0,16.66029
2024_R05,Daniel Ricciardo,18.0,17.643131
2024_R05,Lando Norris,2.0,1.9734224
2024_R05,Pierre Gasly,13.0,13.580178
2024_R05,Sergio Perez,3.0,2.5428236
2024_R05,Fernando Alonso,7.0,6.8091116
2024_R05,Charles Leclerc,4.0,3.215653
2024_R05,Lance Stroll,15.0,15.030123
2024_R05,Kevin Magnussen,16.0,15.717776
2024_R05,Yuki Tsunoda,19.0,18.525866
2024_R05,Alexander Albon,12.0,12.215065
2024_R05,Guanyu Zhou,14.0,14.878458
2024_R05,Nico Hulkenberg,10.0,10.263946
2024_R05,Esteban Ocon,11.0,11.438711
2024_R05,Lewis Hamilton,9.0,8.302629
2024_R05,Carlos Sainz,5.0,4.603265
2024_R05,George Russell,6.0,6.2814584
2024_R05,Valtteri Bottas,20.0,18.704952
2024_R05,Oscar Piastri,8.0,8.222811
2024_R06,Max Verstappen,2.0,2.2316666
2024_R06,Logan Sargeant,20.0,18.919605
2024_R06,Daniel Ricciardo,15.0,13.813446
2024_R06,Lando Norris,1.0,2.067259
2024_R06,Pierre Gasly,12.0,12.253492
2024_R06,Sergio Perez,4.0,3.8594005
2024_R06,Fernando Alonso,9.0,8.868128
2024_R06,Charles Leclerc,3.0,3.148168
2024_R06,Lance Stroll,17.0,16.4679
2024_R06,Kevin Magnussen,19.0,18.532816
2024_R06,Yuki Tsunoda,7.0,6.6555533
2024_R06,Alexander Albon,18.0,17.674932
2024_R06,Guanyu Zhou,14.0,13.703367
2024_R06,Nico Hulkenberg,11.0,10.813744
2024_R06,Esteban Ocon,10.0,10.060246
2024_R06,Lewis Hamilton,6.0,6.4087324
2024_R06,Carlos Sainz,5.0,5.0827007
2024_R06,George Russell,8.0,7.870347
2024_R06,Valtteri Bottas,16.0,16.256453
2024_R06,Oscar Piastri,13.0,13.038495
2024_R07,Max Verstappen,1.0,2.8256488
2024_R07,Logan Sargeant,17.0,16.778923
2024_R07,Daniel Ricciardo,13.0,13.410839
2024_R07,Lando Norris,2.0,3.5806954
2024_R07,Pierre Gasly,16.0,15.73622
2024_R07,Sergio Perez,8.0,6.7104836
2024_R07,Fernando Alonso,19.0,16.74572
2024_R07,Charles Leclerc,3.0,4.269393
2024_R07,Lance Stroll,9.0,8.848363
2024_R07,Kevin Magnussen,12.0,12.257185
2024_R07,Yuki Tsunoda,10.0,12.394231
2024_R07,Alexander Albon,20.0,18.185762
2024_R07,Guanyu Zhou,15.0,15.001587
2024_R07,Nico Hulkenberg,11.0,11.1786375
2024_R07,Esteban Ocon,14.0,14.348699
2024_R07,Lewis Hamilton,6.0,6.665248
2024_R07,Carlos Sainz,5.0,6.5816426
2024_R07,George Russell,7.0,7.0627213
2024_R07,Valtteri Bottas,18.0,18.410645
2024_R07,Oscar Piastri,4.0,5.756684
2024_R08,Max Verstappen,6.0,5.683391
2024_R08,Logan Sargeant,15.0,15.226811
2024_R08,Daniel Ricciardo,12.0,12.265733
2024_R08,Lando Norris,4.0,3.8928905
2024_R08,Pierre Gasly,10.0,10.385593
2024_R08,Sergio Perez,18.0,17.61678
2024_R08,Fernando Alonso,11.0,10.498692
2024_R08,Charles Leclerc,1.0,1.5227022
2024_R08,Lance Stroll,14.0,14.213336
2024_R08,Kevin Magnussen,20.0,20.0
2024_R08,Yuki Tsunoda,8.0,8.296835
2024_R08,Alexander Albon,9.0,10.130581
2024_R08,Guanyu Zhou,16.0,15.598959
2024_R08,Nico Hulkenberg,19.0,18.955046
2024_R08,Esteban Ocon,17.0,18.564491
2024_R08,Lewis Hamilton,7.0,7.479293
2024_R08,Carlos Sainz,3.0,2.6504061
2024_R08,George Russell,5.0,5.4370522
2024_R08,Valtteri Bottas,13.0,13.10174
2024_R08,Oscar Piastri,2.0,2.1452475
2024_R09,Max Verstappen,1.0,1.0
2024_R09,Logan Sargeant,20.0,19.48305
2024_R09,Daniel Ricciardo,8.0,9.396564
2024_R09,Lando Norris,2.0,1.839974
2024_R09,Pierre Gasly,9.0,9.154128
2024_R09,Sergio Perez,18.0,16.111748
2024_R09,Fernando Alonso,6.0,6.674305
2024_R09,Charles Leclerc,19.0,16.258333
2024_R09,Lance Stroll,7.0,7.364566
2024_R09,Kevin Magnussen,12.0,12.380068
2024_R09,Yuki Tsunoda,14.0,14.793439
2024_R09,Alexander Albon,17.0,17.323475
2024_R09,Guanyu Zhou,15.0,14.758031
2024_R09,Nico Hulkenberg,11.0,11.138104
2024_R09,Esteban Ocon,10.0,10.263532
2024_R09,Lewis Hamilton,4.0,4.8152323
2024_R09,Carlos Sainz,16.0,13.751867
2024_R09,George Russell,3.0,3.1171532
2024_R09,Valtteri Bottas,13.0,12.96891
2024_R09,Oscar Piastri,5.0,5.156167
2024_R10,Max Verstappen,1.0,1.0235553
2024_R10,Logan Sargeant,20.0,19.127054
2024_R10,Daniel Ricciardo,15.0,14.602531
2024_R10,Lando Norris,2.0,1.9350915
2024_R10,Pierre Gasly,9.0,9.231067
2024_R10,Sergio Perez,8.0,7.6865883
2024_R10,Fernando Alonso,12.0,11.306452
2024_R10,Charles Leclerc,5.0,5.055504
2024_R10,Lance Stroll,14.0,13.580493
2024_R10,Kevin Magnussen,17.0,17.009998
2024_R10,Yuki Tsunoda,19.0,18.649343
2024_R10,Alexander Albon,18.0,18.065155
2024_R10,Guanyu Zhou,13.0,12.844575
2024_R10,Nico Hulkenberg,11.0,11.354178
2024_R10,Esteban Ocon,10.0,10.45
2024_R10,Lewis Hamilton,3.0,2.826652
2024_R10,Carlos Sainz,6.0,6.073463
2024_R10,George Russell,4.0,4.215352
2024_R10,Valtteri Bottas,16.0,15.601625
2024_R10,Oscar Piastri,7.0,6.7842536
2024_R11,Max Verstappen,5.0,6.3787446
2024_R11,Logan Sargeant,19.0,18.750792
2024_R11,Daniel Ricciardo,9.0,9.116615
2024_R11,Lando Norris,20.0,18.229681
2024_R11,Pierre Gasly,10.0,10.575396
2024_R11,Sergio Perez,7.0,7.5373087
2024_R11,Fernando Alonso,18.0,18.049236
2024_R11,Charles Leclerc,11.0,9.001511
2024_R11,Lance Stroll,13.0,12.998773
2024_R11,Kevin Magnussen,8.0,9.076337
2024_R11,Yuki Tsunoda,14.0,13.917704
2024_R11,Alexander Albon,15.0,15.27155
2024_R11,Guanyu Zhou,17.0,17.071829
2024_R11,Nico Hulkenberg,6.0,6.070016
2024_R11,Esteban Ocon,12.0,11.430421
2024_R11,Lewis Hamilton,4.0,3.932139
2024_R11,Carlos Sainz,3.0,3.0273442
2024_R11,George Russell,1.0,1.7940356
2024_R11,Valtteri Bottas,16.0,15.994828
2024_R11,Oscar Piastri,2.0,2.6856377
2024_R12,Max Verstappen,2.0,1.9693117
2024_R12,Logan Sargeant,11.0,11.492487
2024_R12,Daniel Ricciardo,13.0,12.800575
2024_R12,Lando Norris,3.0,2.6698778
2024_R12,Pierre Gasly,20.0,18.890123
2024_R12,Sergio Perez,17.0,16.738493
2024_R12,Fernando Alonso,8.0,8.259864
2024_R12,Charles Leclerc,14.0,13.851069
2024_R12,Lance Stroll,7.0,7.6076517
2024_R12,Kevin Magnussen,12.0,12.297481
2024_R12,Yuki Tsunoda,10.0,10.008443
2024_R12,Alexander Albon,9.0,9.466665
2024_R12,Guanyu Zhou,18.0,17.607035
2024_R12,Nico Hulkenberg,6.0,6.3393426
2024_R12,Esteban Ocon,16.0,16.261873
2024_R12,Lewis Hamilton,1.0,1.4004756
2024_R12,Carlos Sainz,5.0,4.938565
2024_R12,George Russell,19.0,17.126217
2024_R12,Valtteri Bottas,15.0,14.907563
2024_R12,Oscar Piastri,4.0,3.9538329
2024_R13,Max Verstappen,5.0,5.1687512
2024_R13,Logan Sargeant,17.0,17.335064
2024_R13,Daniel Ricciardo,12.0,11.726635
2024_R13,Lando Norris,2.0,2.2598925
2024_R13,Pierre Gasly,20.0,19.406284
2024_R13,Sergio Perez,7.0,7.3001194
2024_R13,Fernando Alonso,11.0,10.247249
2024_R13,Charles Leclerc,4.0,3.7993615
2024_R13,Lance Stroll,10.0,10.140039
2024_R13,Kevin Magnussen,15.0,14.906578
2024_R13,Yuki Tsunoda,9.0,8.949259
2024_R13,Alexander Albon,14.0,13.882107
2024_R13,Guanyu Zhou,19.0,18.665094
2024_R13,Nico Hulkenberg,13.0,12.835925
2024_R13,Esteban Ocon,18.0,17.98348
2024_R13,Lewis Hamilton,3.0,3.5083034
2024_R13,Carlos Sainz,6.0,6.2087526
2024_R13,George Russell,8.0,6.874717
2024_R13,Valtteri Bottas,16.0,15.615445
2024_R13,Oscar Piastri,1.0,1.4903643
2024_R14,Max Verstappen,4.0,4.2786865
2024_R14,Logan Sargeant,17.0,17.044682
2024_R14,Daniel Ricciardo,10.0,10.231869
2024_R14,Lando Norris,5.0,5.0000644
2024_R14,Pierre Gasly,13.0,13.061715
2024_R14,Sergio Perez,7.0,9.208551
2024_R14,Fernando Alonso,8.0,8.671731
2024_R14,Charles Leclerc,3.0,3.2035155
2024_R14,Lance Stroll,11.0,11.420712
2024_R14,Kevin Magnussen,14.0,13.962844
2024_R14,Yuki Tsunoda,16.0,15.713679
2024_R14,Alexander Albon,12.0,11.902943
2024_R14,Guanyu Zhou,19.0,19.17671
2024_R14,Nico Hulkenberg,18.0,17.33137
2024_R14,Esteban Ocon,9.0,9.185066
2024_R14,Lewis Hamilton,1.0,1.4831346
2024_R14,Carlos Sainz,6.0,5.8835278
2024_R14,George Russell,20.0,18.952103
2024_R14,Valtteri Bottas,15.0,15.145053
2024_R14,Oscar Piastri,2.0,2.311023
2024_R15,Max Verstappen,2.0,4.398785
2024_R15,Logan Sargeant,16.0,16.00409
2024_R15,Daniel Ricciardo,12.0,11.801463
2024_R15,Lando Norris,1.0,3.6889195
2024_R15,Pierre Gasly,9.0,9.1028
2024_R15,Sergio Perez,6.0,8.13296
2024_R15,Fernando Alonso,10.0,11.160581
2024_R15,Charles Leclerc,3.0,4.979173
2024_R15,Lance Stroll,13.0,13.5268135
2024_R15,Kevin Magnussen,18.0,17.863394
2024_R15,Yuki Tsunoda,17.0,16.962893
2024_R15,Alexander Albon,14.0,13.911116
2024_R15,Guanyu Zhou,20.0,19.377388
2024_R15,Nico Hulkenberg,11.0,11.127706
2024_R15,Esteban Ocon,15.0,15.251605
2024_R15,Lewis Hamilton,8.0,6.4087067
2024_R15,Carlos Sainz,5.0,5.0865874
2024_R15,George Russell,7.0,6.6567326
2024_R15,Valtteri Bottas,19.0,18.955753
2024_R15,Oscar Piastri,4.0,6.6710367
2024_R16,Max Verstappen,6.0,5.49175
2024_R16,Daniel Ricciardo,13.0,12.967091
2024_R16,Lando Norris,3.0,2.8331528
2024_R16,Pierre Gasly,15.0,14.913226
2024_R16,Sergio Perez,8.0,7.8232965
2024_R16,Fernando Alonso,11.0,10.919517
2024_R16,Charles Leclerc,1.0,2.1007676
2024_R16,Lance Stroll,19.0,18.44133
2024_R16,Kevin Magnussen,10.0,9.969374
2024_R16,Yuki Tsunoda,20.0,19.408815
2024_R16,Alexander Albon,9.0,9.084029
2024_R16,Guanyu Zhou,18.0,17.406418
2024_R16,Nico Hulkenberg,17.0,16.09731
2024_R16,Esteban Ocon,14.0,13.15343
2024_R16,Franco Colapinto,12.0,11.916723
2024_R16,Lewis Hamilton,5.0,4.873844
2024_R16,Carlos Sainz,4.0,3.9008172
2024_R16,George Russell,7.0,6.901202
2024_R16,Valtteri Bottas,16.0,15.741632
2024_R16,Oscar Piastri,2.0,1.9693974
2024_R17,Max Verstappen,5.0,5.1809335
2024_R17,Daniel Ricciardo,13.0,12.894572
2024_R17,Lando Norris,4.0,3.841797
2024_R17,Pierre Gasly,12.0,12.343464
2024_R17,Sergio Perez,17.0,17.970936
2024_R17,Fernando Alonso,6.0,5.85005
2024_R17,Charles Leclerc,2.0,2.201541
2024_R17,Lance Stroll,19.0,18.510551
2024_R17,Yuki Tsunoda,20.0,18.908655
2024_R17,Alexander Albon,7.0,7.077201
2024_R17,Guanyu Zhou,14.0,14.238163
2024_R17,Nico Hulkenberg,11.0,10.832568
2024_R17,Esteban Ocon,15.0,14.867713
2024_R17,Franco Colapinto,8.0,8.454398
2024_R17,Lewis Hamilton,9.0,7.1924853
2024_R17,Oliver Bearman,10.0,10.125569
2024_R17,Carlos Sainz,18.0,19.115978
2024_R17,George Russell,3.0,3.547393
2024_R17,Valtteri Bottas,16.0,15.995642
2024_R17,Oscar Piastri,1.0,1.2806736
2024_R18,Max Verstappen,2.0,1.8704665
2024_R18,Daniel Ricciardo,18.0,18.1595
2024_R18,Lando Norris,1.0,1.1111147
2024_R18,Pierre Gasly,17.0,16.172623
2024_R18,Sergio Perez,10.0,10.191291
2024_R18,Fernando Alonso,8.0,8.004864
2024_R18,Charles Leclerc,5.0,4.2736387
2024_R18,Lance Stroll,14.0,13.847305
2024_R18,Kevin Magnussen,19.0,18.503122
2024_R18,Yuki Tsunoda,12.0,13.127828
2024_R18,Alexander Albon,20.0,19.294348
2024_R18,Guanyu Zhou,15.0,15.016078
2024_R18,Nico Hulkenberg,9.0,9.244427
2024_R18,Esteban Ocon,13.0,12.996688
2024_R18,Franco Colapinto,11.0,10.905949
2024_R18,Lewis Hamilton,6.0,6.5276394
2024_R18,Carlos Sainz,7.0,6.8746433
2024_R18,George Russell,4.0,3.9800582
2024_R18,Valtteri Bottas,16.0,15.800593
2024_R18,Oscar Piastri,3.0,3.3142269
2024_R19,Max Verstappen,3.0,2.9662247
2024_R19,Lando Norris,4.0,4.304293
2024_R19,Pierre Gasly,12.0,13.0449915
2024_R19,Sergio Perez,7.0,7.260821
2024_R19,Fernando Alonso,13.0,13.006949
2024_R19,Charles Leclerc,1.0,1.65358
2024_R19,Lance Stroll,15.0,15.310878
2024_R19,Kevin Magnussen,11.0,10.939917
2024_R19,Yuki Tsunoda,14.0,14.329331
2024_R19,Alexander Albon,16.0,16.400856
2024_R19,Guanyu Zhou,19.0,18.972294
2024_R19,Nico Hulkenberg,8.0,8.268493
2024_R19,Liam Lawson,9.0,10.073606
2024_R19,Esteban Ocon,18.0,17.361034
2024_R19,Franco Colapinto,10.0,10.444782
2024_R19,Lewis Hamilton,20.0,17.197334
2024_R19,Carlos Sainz,2.0,1.809058
2024_R19,George Russell,6.0,6.1673307
2024_R19,Valtteri Bottas,17.0,17.348925
2024_R19,Oscar Piastri,5.0,4.981737
2024_R20,Max Verstappen,6.0,6.6711054
2024_R20,Lando Norris,2.0,1.8889327
2024_R20,Pierre Gasly,10.0,10.409847
2024_R20,Sergio Perez,17.0,16.1572
2024_R20,Fernando Alonso,18.0,18.884796
2024_R20,Charles Leclerc,3.0,2.9288015
2024_R20,Lance Stroll,11.0,11.017005
2024_R20,Kevin Magnussen,7.0,7.255877
2024_R20,Yuki Tsunoda,20.0,19.640408
2024_R20,Alexander Albon,19.0,18.89361
2024_R20,Guanyu Zhou,15.0,15.016209
2024_R20,Nico Hulkenberg,9.0,9.166862
2024_R20,Liam Lawson,16.0,15.877479
2024_R20,Esteban Ocon,13.0,13.738282
2024_R20,Franco Colapinto,12.0,11.704619
2024_R20,Lewis Hamilton,4.0,4.0284233
2024_R20,Carlos Sainz,1.0,1.193151
2024_R20,George Russell,5.0,5.0479856
2024_R20,Valtteri Bottas,14.0,13.67281
2024_R20,Oscar Piastri,8.0,6.72025
2024_R21,Max Verstappen,1.0,5.9824286
2024_R21,Lando Norris,6.0,8.640223
2024_R21,Pierre Gasly,3.0,5.497915
2024_R21,Sergio Perez,11.0,11.103542
2024_R21,Fernando Alonso,14.0,13.971861
2024_R21,Charles Leclerc,5.0,6.4729853
2024_R21,Lance Stroll,19.0,19.651838
2024_R21,Yuki Tsunoda,7.0,8.238345
2024_R21,Alexander Albon,18.0,16.955217
2024_R21,Guanyu Zhou,15.0,14.57234
2024_R21,Nico Hulkenberg,20.0,19.494114
2024_R21,Liam Lawson,9.0,8.4599905
2024_R21,Esteban Ocon,2.0,4.21384
2024_R21,Franco Colapinto,17.0,17.346125
2024_R21,Lewis Hamilton,10.0,9.717401
2024_R21,Oliver Bearman,12.0,11.897612
2024_R21,Carlos Sainz,16.0,14.42622
2024_R21,George Russell,4.0,6.4066567
2024_R21,Valtteri Bottas,13.0,13.583277
2024_R21,Oscar Piastri,8.0,8.274456
2024_R22,Max Verstappen,5.0,5.368019
2024_R22,Lando Norris,6.0,6.4147816
2024_R22,Pierre Gasly,20.0,18.792635
2024_R22,Sergio Perez,10.0,9.844404
2024_R22,Fernando Alonso,11.0,10.697628
2024_R22,Charles Leclerc,4.0,3.9707344
2024_R22,Lance Stroll,15.0,15.020284
2024_R22,Kevin Magnussen,12.0,11.593381
2024_R22,Yuki Tsunoda,9.0,10.399647
2024_R22,Alexander Albon,19.0,18.762493
2024_R22,Guanyu Zhou,13.0,13.028852
2024_R22,Nico Hulkenberg,8.0,7.7191153
2024_R22,Liam Lawson,16.0,16.17204
2024_R22,Esteban Ocon,17.0,17.08764
2024_R22,Franco Colapinto,14.0,13.935993
2024_R22,Lewis Hamilton,2.0,2.9941306
2024_R22,Carlos Sainz,3.0,2.9569867
2024_R22,George Russell,1.0,1.3444195
2024_R22,Valtteri Bottas,18.0,17.68403
2024_R22,Oscar Piastri,7.0,7.430632
2024_R23,Max Verstappen,1.0,1.3582959
2024_R23,Lando Norris,10.0,9.667239
2024_R23,Pierre Gasly,5.0,5.736498
2024_R23,Sergio Perez,17.0,17.086279
2024_R23,Fernando Alonso,7.0,7.3694544
2024_R23,Charles Leclerc,2.0,2.0225556
2024_R23,Lance Stroll,18.0,18.00689
2024_R23,Kevin Magnussen,9.0,9.583491
2024_R23,Yuki Tsunoda,13.0,13.086203
2024_R23,Alexander Albon,15.0,15.908847
2024_R23,Guanyu Zhou,8.0,8.409629
2024_R23,Nico Hulkenberg,16.0,16.08643
2024_R23,Liam Lawson,14.0,14.415228
2024_R23,Esteban Ocon,20.0,20.0
2024_R23,Franco Colapinto,19.0,19.197842
2024_R23,Lewis Hamilton,12.0,12.313098
2024_R23,Carlos Sainz,6.0,6.0252767
2024_R23,George Russell,4.0,4.2388425
2024_R23,Valtteri Bottas,11.0,11.209044
2024_R23,Oscar Piastri,3.0,3.1745722
2024_R24,Max Verstappen,6.0,5.97857
2024_R24,Lando Norris,1.0,1.1210698
2024_R24,Pierre Gasly,7.0,6.8175607
2024_R24,Sergio Perez,20.0,19.646114
2024_R24,Fernando Alonso,9.0,9.279749
2024_R24,Charles Leclerc,3.0,3.51393
2024_R24,Lance Stroll,14.0,13.903169
2024_R24,Kevin Magnussen,16.0,15.707574
2024_R24,Yuki Tsunoda,12.0,12.333184
2024_R24,Alexander Albon,11.0,10.938398
2024_R24,Guanyu Zhou,13.0,12.907346
2024_R24,Nico Hulkenberg,8.0,8.307048
2024_R24,Liam Lawson,17.0,16.656393
2024_R24,Franco Colapinto,19.0,18.444616
2024_R24,Lewis Hamilton,4.0,4.66608
2024_R24,Carlos Sainz,2.0,2.1152067
2024_R24,Jack Doohan,15.0,14.3688
2024_R24,George Russell,5.0,4.8482094
2024_R24,Valtteri Bottas,18.0,18.295067
2024_R24,Oscar Piastri,10.0,11.259724
2025_R01,Max Verstappen,2.0,3.7731934
2025_R01,Lando Norris,1.0,2.1153443
2025_R01,Gabriel Bortoleto,16.0,15.559248
2025_R01,Isack Hadjar,20.0,19.595879
2025_R01,Jack Doohan,19.0,19.425554
2025_R01,Pierre Gasly,11.0,11.190633
2025_R01,Andrea Kimi Antonelli,4.0,5.9526396
2025_R01,Fernando Alonso,17.0,16.620445
2025_R01,Charles Leclerc,8.0,7.5649166
2025_R01,Lance Stroll,6.0,6.8213687
2025_R01,Yuki Tsunoda,12.0,11.643465
2025_R01,Alexander Albon,5.0,6.5474434
2025_R01,Nico Hulkenberg,7.0,8.831581
2025_R01,Liam Lawson,15.0,15.032199
2025_R01,Esteban Ocon,13.0,13.016918
2025_R01,Lewis Hamilton,10.0,9.914909
2025_R01,Carlos Sainz,18.0,19.614273
2025_R01,George Russell,3.0,4.9416876
2025_R01,Oscar Piastri,9.0,10.061846
2025_R01,Oliver Bearman,14.0,14.669528
2025_R02,Max Verstappen,4.0,3.6136367
2025_R02,Lando Norris,2.0,1.8703575
2025_R02,Gabriel Bortoleto,14.0,13.867527
2025_R02,Isack Hadjar,11.0,10.75513
2025_R02,Jack Doohan,13.0,13.038469
2025_R02,Pierre Gasly,20.0,18.405298
2025_R02,Kimi Antonelli,6.0,5.9628334
2025_R02,Fernando Alonso,17.0,18.28692
2025_R02,Charles Leclerc,18.0,18.557007
2025_R02,Lance Stroll,9.0,9.160491
2025_R02,Yuki Tsunoda,16.0,15.693103
2025_R02,Alexander Albon,7.0,7.120103
2025_R02,Nico Hulkenberg,15.0,14.942606
2025_R02,Liam Lawson,12.0,11.235319
2025_R02,Esteban Ocon,5.0,5.7356477
2025_R02,Lewis Hamilton,19.0,18.045393
2025_R02,Carlos Sainz,10.0,9.540458
2025_R02,George Russell,3.0,2.8875217
2025_R02,Oscar Piastri,1.0,1.4339159
2025_R02,Oliver Bearman,8.0,9.1461
2025_R03,Max Verstappen,1.0,1.2309144
2025_R03,Lando Norris,2.0,1.8830198
2025_R03,Gabriel Bortoleto,19.0,18.638615
2025_R03,Isack Hadjar,8.0,8.061775
2025_R03,Jack Doohan,15.0,14.860203
2025_R03,Pierre Gasly,13.0,12.76999
2025_R03,Kimi Antonelli,6.0,6.938537
2025_R03,Fernando Alonso,11.0,11.258668
2025_R03,Charles Leclerc,4.0,3.9580624
2025_R03,Lance Stroll,20.0,20.0
2025_R03,Yuki Tsunoda,12.0,12.096707
2025_R03,Alexander Albon,9.0,8.946628
2025_R03,Nico Hulkenberg,16.0,16.122759
2025_R03,Liam Lawson,17.0,16.766973
2025_R03,Esteban Ocon,18.0,16.623503
2025_R03,Lewis Hamilton,7.0,6.755514
2025_R03,Carlos Sainz,14.0,12.906886
2025_R03,George Russell,5.0,5.0600057
2025_R03,Oscar Piastri,3.0,2.5513723
2025_R03,Oliver Bearman,10.0,10.011119
2025_R04,Max Verstappen,6.0,5.8336997
2025_R04,Lando Norris,3.0,2.4945185
2025_R04,Gabriel Bortoleto,18.0,18.285791
2025_R04,Isack Hadjar,13.0,13.148736
2025_R04,Jack Doohan,14.0,14.175701
2025_R04,Pierre Gasly,7.0,7.5428133
2025_R04,Kimi Antonelli,11.0,11.275131
2025_R04,Fernando Alonso,15.0,15.06343
2025_R04,Charles Leclerc,4.0,4.1442666
2025_R04,Lance Stroll,17.0,17.350185
2025_R04,Yuki Tsunoda,9.0,9.350399
2025_R04,Alexander Albon,12.0,12.101717
2025_R04,Nico Hulkenberg,20.0,19.24448
2025_R04,Liam Lawson,16.0,15.70392
2025_R04,Esteban Ocon,8.0,8.104011
2025_R04,Lewis Hamilton,5.0,5.941077
2025_R04,Carlos Sainz,19.0,17.381662
2025_R04,George Russell,2.0,1.9484131
2025_R04,Oscar Piastri,1.0,1.1432471
2025_R04,Oliver Bearman,10.0,9.60777
2025_R05,Max Verstappen,2.0,1.9695426
2025_R05,Lando Norris,4.0,3.9693546
2025_R05,Gabriel Bortoleto,18.0,17.86178
2025_R05,Isack Hadjar,10.0,9.823065
2025_R05,Jack Doohan,17.0,17.458536
2025_R05,Pierre Gasly,20.0,19.369661
2025_R05,Kimi Antonelli,6.0,6.3005834
2025_R05,Fernando Alonso,11.0,11.073584
2025_R05,Charles Leclerc,3.0,2.925902
2025_R05,Lance Stroll,16.0,15.849394
2025_R05,Yuki Tsunoda,19.0,18.44671
2025_R05,Alexander Albon,9.0,9.015712
2025_R05,Nico Hulkenberg,15.0,14.659717
2025_R05,Liam Lawson,12.0,11.94622
2025_R05,Esteban Ocon,14.0,13.506908
2025_R05,Lewis Hamilton,7.0,7.6375136
2025_R05,Carlos Sainz,8.0,8.309619
2025_R05,George Russell,5.0,5.109483
2025_R05,Oscar Piastri,1.0,1.1579651
2025_R05,Oliver Bearman,13.0,12.587806
2025_R06,Max Verstappen,4.0,4.229531
2025_R06,Lando Norris,2.0,1.8851398
2025_R06,Gabriel Bortoleto,18.0,18.379263
2025_R06,Isack Hadjar,11.0,10.80282
2025_R06,Jack Doohan,20.0,19.545986
2025_R06,Pierre Gasly,13.0,12.378051
2025_R06,Kimi Antonelli,6.0,6.16931
2025_R06,Fernando Alonso,15.0,14.840859
2025_R06,Charles Leclerc,7.0,7.248904
2025_R06,Lance Stroll,16.0,15.977414
2025_R06,Yuki Tsunoda,10.0,9.929569
2025_R06,Alexander Albon,5.0,5.2715135
2025_R06,Nico Hulkenberg,14.0,13.68863
2025_R06,Liam Lawson,17.0,17.18319
2025_R06,Esteban Ocon,12.0,11.711589
2025_R06,Lewis Hamilton,8.0,8.383685
2025_R06,Carlos Sainz,9.0,8.984075
2025_R06,George Russell,3.0,2.889462
2025_R06,Oscar Piastri,1.0,1.1827132
2025_R06,Oliver Bearman,19.0,19.194874
2025_R07,Max Verstappen,1.0,1.1513876
2025_R07,Lando Norris,2.0,1.904118
2025_R07,Gabriel Bortoleto,18.0,17.975714
2025_R07,Isack Hadjar,9.0,8.923322
2025_R07,Pierre Gasly,13.0,12.861212
2025_R07,Kimi Antonelli,19.0,17.962765
2025_R07,Fernando Alonso,11.0,10.659523
2025_R07,Charles Leclerc,6.0,5.300698
2025_R07,Lance Stroll,15.0,15.494084
2025_R07,Yuki Tsunoda,10.0,10.304598
2025_R07,Alexander Albon,5.0,5.1174555
2025_R07,Nico Hulkenberg,12.0,12.091667
2025_R07,Liam Lawson,14.0,14.169117
2025_R07,Esteban Ocon,20.0,18.557554
2025_R07,Franco Colapinto,16.0,16.064411
2025_R07,Lewis Hamilton,4.0,4.52382
2025_R07,Carlos Sainz,8.0,8.332371
2025_R07,George Russell,7.0,7.266827
2025_R07,Oscar Piastri,3.0,3.05519
2025_R07,Oliver Bearman,17.0,17.074112
2025_R08,Max Verstappen,4.0,3.9934142
2025_R08,Lando Norris,1.0,1.166112
2025_R08,Gabriel Bortoleto,14.0,14.448982
2025_R08,Isack Hadjar,6.0,6.5115194
2025_R08,Pierre Gasly,20.0,19.02159
2025_R08,Kimi Antonelli,18.0,16.980473
2025_R08,Fernando Alonso,19.0,17.223745
2025_R08,Charles Leclerc,2.0,1.9512259
2025_R08,Lance Stroll,15.0,15.116622
2025_R08,Yuki Tsunoda,17.0,16.86349
2025_R08,Alexander Albon,9.0,9.11426
2025_R08,Nico Hulkenberg,16.0,16.235546
2025_R08,Liam Lawson,8.0,8.027396
2025_R08,Esteban Ocon,7.0,7.282467
2025_R08,Franco Colapinto,13.0,13.349627
2025_R08,Lewis Hamilton,5.0,5.043342
2025_R08,Carlos Sainz,10.0,10.372964
2025_R08,George Russell,11.0,10.2639475
2025_R08,Oscar Piastri,3.0,2.4760053
2025_R08,Oliver Bearman,12.0,12.218365
2025_R09,Max Verstappen,10.0,9.708347
2025_R09,Lando Norris,2.0,2.156551
2025_R09,Gabriel Bortoleto,12.0,12.14441
2025_R09,Isack Hadjar,7.0,7.541923
2025_R09,Pierre Gasly,8.0,8.214668
2025_R09,Kimi Antonelli,18.0,17.762255
2025_R09,Fernando Alonso,9.0,9.338414
2025_R09,Charles Leclerc,3.0,2.8510253
2025_R09,Yuki Tsunoda,13.0,13.335852
2025_R09,Alexander Albon,19.0,17.776663
2025_R09,Nico Hulkenberg,5.0,6.6235514
2025_R09,Liam Lawson,11.0,10.786271
2025_R09,Esteban Ocon,16.0,15.773998
2025_R09,Franco Colapinto,15.0,15.3587265
2025_R09,Lewis Hamilton,6.0,5.797589
2025_R09,Carlos Sainz,14.0,13.961148
2025_R09,George Russell,4.0,4.184631
2025_R09,Oscar Piastri,1.0,1.2471086
2025_R09,Oliver Bearman,17.0,16.907993
2025_R10,Max Verstappen,2.0,1.9432886
2025_R10,Lando Norris,18.0,17.717043
2025_R10,Gabriel Bortoleto,14.0,13.9451065
2025_R10,Isack Hadjar,16.0,15.816461
2025_R10,Pierre Gasly,15.0,15.408833
2025_R10,Kimi Antonelli,3.0,2.8177202
2025_R10,Fernando Alonso,7.0,7.634582
2025_R10,Charles Leclerc,5.0,6.2083054
2025_R10,Lance Stroll,17.0,16.739536
2025_R10,Yuki Tsunoda,12.0,11.868491
2025_R10,Alexander Albon,20.0,19.320095
2025_R10,Nico Hulkenberg,8.0,8.868943
2025_R10,Liam Lawson,19.0,18.829302
2025_R10,Esteban Ocon,9.0,9.3612995
2025_R10,Franco Colapinto,13.0,13.280984
2025_R10,Lewis Hamilton,6.0,6.1694007
2025_R10,Carlos Sainz,10.0,9.528332
2025_R10,George Russell,1.0,1.0469077
2025_R10,Oscar Piastri,4.0,3.597009
2025_R10,Oliver Bearman,11.0,11.1735325
2025_R11,Max Verstappen,18.0,19.393394
2025_R11,Lando Norris,1.0,1.1197836
2025_R11,Gabriel Bortoleto,8.0,8.21314
2025_R11,Isack Hadjar,12.0,11.797326
2025_R11,Pierre Gasly,13.0,12.727509
2025_R11,Kimi Antonelli,19.0,19.350323
2025_R11,Fernando Alonso,7.0,7.702962
2025_R11,Charles Leclerc,3.0,2.9228725
2025_R11,Lance Stroll,14.0,14.148978
2025_R11,Yuki Tsunoda,16.0,15.953865
2025_R11,Alexander Albon,17.0,17.212696
2025_R11,Nico Hulkenberg,9.0,9.445012
2025_R11,Liam Lawson,6.0,6.2342477
2025_R11,Esteban Ocon,10.0,10.149017
2025_R11,Franco Colapinto,15.0,14.941626
2025_R11,Lewis Hamilton,4.0,4.1113477
2025_R11,Carlos Sainz,20.0,19.53528
2025_R11,George Russell,5.0,4.938508
2025_R11,Oscar Piastri,2.0,2.3889353
2025_R11,Oliver Bearman,11.0,11.661318
2025_R12,Max Verstappen,5.0,5.4782653
2025_R12,Lando Norris,1.0,1.3905638
2025_R12,Gabriel Bortoleto,18.0,18.910488
2025_R12,Isack Hadjar,17.0,16.915363
2025_R12,Pierre Gasly,6.0,6.4168158
2025_R12,Kimi Antonelli,16.0,15.886215
2025_R12,Fernando Alonso,9.0,9.171386
2025_R12,Charles Leclerc,14.0,12.88985
2025_R12,Lance Stroll,7.0,7.0344696
2025_R12,Yuki Tsunoda,15.0,14.561518
2025_R12,Alexander Albon,8.0,8.14509
2025_R12,Nico Hulkenberg,3.0,5.7620335
2025_R12,Liam Lawson,19.0,19.314102
2025_R12,Esteban Ocon,13.0,12.879706
2025_R12,Franco Colapinto,20.0,19.875687
2025_R12,Lewis Hamilton,4.0,4.003871
2025_R12,Carlos Sainz,12.0,11.979665
2025_R12,George Russell,10.0,9.18747
2025_R12,Oscar Piastri,2.0,2.007687
2025_R12,Oliver Bearman,11.0,11.057748
2025_R13,Max Verstappen,4.0,4.150819
2025_R13,Lando Norris,2.0,1.9884658
2025_R13,Gabriel Bortoleto,9.0,9.08549
2025_R13,Isack Hadjar,20.0,17.852545
2025_R13,Pierre Gasly,10.0,9.643886
2025_R13,Kimi Antonelli,16.0,15.729005
2025_R13,Fernando Alonso,17.0,16.179653
2025_R13,Charles Leclerc,3.0,2.7227702
2025_R13,Lance Stroll,14.0,13.786966
2025_R13,Yuki Tsunoda,13.0,12.25381
2025_R13,Alexander Albon,6.0,6.713843
2025_R13,Nico Hulkenberg,12.0,12.282286
2025_R13,Liam Lawson,8.0,7.759184
2025_R13,Esteban Ocon,15.0,15.134115
2025_R13,Franco Colapinto,19.0,18.381344
2025_R13,Lewis Hamilton,7.0,7.101061
2025_R13,Carlos Sainz,18.0,18.116331
2025_R13,George Russell,5.0,5.0310283
2025_R13,Oscar Piastri,1.0,1.0480388
2025_R13,Oliver Bearman,11.0,10.980644
2025_R14,Max Verstappen,9.0,8.850951
2025_R14,Lando Norris,1.0,1.046926
2025_R14,Gabriel Bortoleto,6.0,6.4330087
2025_R14,Isack Hadjar,11.0,11.33227
2025_R14,Pierre Gasly,19.0,18.655725
2025_R14,Kimi Antonelli,10.0,9.759141
2025_R14,Fernando Alonso,5.0,5.342086
2025_R14,Charles Leclerc,4.0,4.156328
2025_R14,Lance Stroll,7.0,7.0311737
2025_R14,Yuki Tsunoda,17.0,17.071907
2025_R14,Alexander Albon,15.0,15.011668
2025_R14,Nico Hulkenberg,13.0,12.608982
2025_R14,Liam Lawson,8.0,7.820524
2025_R14,Esteban Ocon,16.0,15.5720005
2025_R14,Franco Colapinto,18.0,17.993618
2025_R14,Lewis Hamilton,12.0,10.854156
2025_R14,Carlos Sainz,14.0,13.9448595
2025_R14,George Russell,3.0,3.0625243
2025_R14,Oscar Piastri,2.0,2.1467183
2025_R14,Oliver Bearman,20.0,19.293148
2025_R15,Max Verstappen,2.0,2.1439335
2025_R15,Lando Norris,18.0,18.300709
2025_R15,Gabriel Bortoleto,15.0,14.997453
2025_R15,Isack Hadjar,3.0,3.0985653
2025_R15,Pierre Gasly,17.0,17.04132
2025_R15,Kimi Antonelli,16.0,15.750426
2025_R15,Fernando Alonso,8.0,7.973187
2025_R15,Charles Leclerc,19.0,18.600327
2025_R15,Lance Stroll,7.0,6.7163596
2025_R15,Yuki Tsunoda,9.0,8.590835
2025_R15,Alexander Albon,5.0,5.8040338
2025_R15,Nico Hulkenberg,14.0,13.697187
2025_R15,Liam Lawson,12.0,11.878122
2025_R15,Esteban Ocon,10.0,10.107779
2025_R15,Franco Colapinto,11.0,11.204822
2025_R15,Lewis Hamilton,20.0,19.543009
2025_R15,Carlos Sainz,13.0,12.460737
2025_R15,George Russell,4.0,4.0764213
2025_R15,Oscar Piastri,1.0,1.1959666
2025_R15,Oliver Bearman,6.0,6.1459227
2025_R16,Max Verstappen,1.0,1.0
2025_R16,Lando Norris,2.0,1.8945019
2025_R16,Gabriel Bortoleto,8.0,7.923653
2025_R16,Isack Hadjar,10.0,10.775355
2025_R16,Pierre Gasly,16.0,16.25791
2025_R16,Kimi Antonelli,9.0,9.052519
2025_R16,Fernando Alonso,19.0,19.184835
2025_R16,Charles Leclerc,4.0,3.8706663
2025_R16,Lance Stroll,18.0,18.033558
2025_R16,Yuki Tsunoda,13.0,12.804703
2025_R16,Alexander Albon,7.0,7.253287
2025_R16,Nico Hulkenberg,20.0,19.540344
2025_R16,Liam Lawson,14.0,13.47697
2025_R16,Esteban Ocon,15.0,14.964905
2025_R16,Franco Colapinto,17.0,17.094208
2025_R16,Lewis Hamilton,6.0,6.0958915
2025_R16,Carlos Sainz,11.0,11.13784
2025_R16,George Russell,5.0,5.2122474
2025_R16,Oscar Piastri,3.0,2.5464504
2025_R16,Oliver Bearman,12.0,12.406102
2025_R17,Max Verstappen,1.0,1.1524
2025_R17,Lando Norris,7.0,6.8422775
2025_R17,Gabriel Bortoleto,11.0,11.196654
2025_R17,Isack Hadjar,10.0,10.366105
2025_R17,Pierre Gasly,18.0,18.215527
2025_R17,Kimi Antonelli,4.0,4.28227
2025_R17,Fernando Alonso,15.0,15.217234
2025_R17,Charles Leclerc,9.0,8.56748
2025_R17,Lance Stroll,17.0,17.429762
2025_R17,Yuki Tsunoda,6.0,6.189588
2025_R17,Alexander Albon,13.0,12.437132
2025_R17,Nico Hulkenberg,16.0,14.990454
2025_R17,Liam Lawson,5.0,5.9921846
2025_R17,Esteban Ocon,14.0,13.936884
2025_R17,Franco Colapinto,19.0,18.977194
2025_R17,Lewis Hamilton,8.0,7.5974445
2025_R17,Carlos Sainz,3.0,3.7509859
2025_R17,George Russell,2.0,2.026031
2025_R17,Oscar Piastri,20.0,19.534353
2025_R17,Oliver Bearman,12.0,11.425982
2025_R18,Max Verstappen,2.0,1.8848473
2025_R18,Lando Norris,3.0,3.0137475
2025_R18,Gabriel Bortoleto,17.0,17.129856
2025_R18,Isack Hadjar,11.0,11.242904
2025_R18,Pierre Gasly,19.0,18.601002
2025_R18,Kimi Antonelli,5.0,4.8296547
2025_R18,Fernando Alonso,7.0,7.2127585
2025_R18,Charles Leclerc,6.0,6.137691
2025_R18,Lance Stroll,13.0,12.72218
2025_R18,Yuki Tsunoda,12.0,11.681744
2025_R18,Alexander Albon,14.0,13.155444
2025_R18,Nico Hulkenberg,20.0,19.105383
2025_R18,Liam Lawson,15.0,15.010994
2025_R18,Esteban Ocon,18.0,18.176111
2025_R18,Franco Colapinto,16.0,16.03878
2025_R18,Lewis Hamilton,8.0,8.371895
2025_R18,Carlos Sainz,10.0,9.204301
2025_R18,George Russell,1.0,1.0988102
2025_R18,Oscar Piastri,4.0,4.1860013
2025_R18,Oliver Bearman,9.0,8.752567
2025_R19,Max Verstappen,1.0,1.0969473
2025_R19,Lando Norris,2.0,2.0459857
2025_R19,Gabriel Bortoleto,18.0,18.221266
2025_R19,Isack Hadjar,16.0,15.234118
2025_R19,Pierre Gasly,19.0,18.356226
2025_R19,Kimi Antonelli,13.0,12.260275
2025_R19,Fernando Alonso,10.0,10.166254
2025_R19,Charles Leclerc,3.0,2.720725
2025_R19,Lance Stroll,12.0,11.229903
2025_R19,Yuki Tsunoda,7.0,7.0976024
2025_R19,Alexander Albon,14.0,13.997891
2025_R19,Nico Hulkenberg,8.0,8.120953
2025_R19,Liam Lawson,11.0,11.240152
2025_R19,Esteban Ocon,15.0,14.835626
2025_R19,Franco Colapinto,17.0,16.79046
2025_R19,Lewis Hamilton,4.0,3.9146187
2025_R19,Carlos Sainz,20.0,19.622759
2025_R19,George Russell,6.0,5.931735
2025_R19,Oscar Piastri,5.0,5.2380834
2025_R19,Oliver Bearman,9.0,8.927591
2025_R20,Max Verstappen,3.0,3.4254746
2025_R20,Lando Norris,1.0,1.1319239
2025_R20,Gabriel Bortoleto,10.0,10.074797
2025_R20,Isack Hadjar,13.0,13.535117
2025_R20,Pierre Gasly,15.0,15.157647
2025_R20,Kimi Antonelli,6.0,5.8356614
2025_R20,Fernando Alonso,18.0,17.723814
2025_R20,Charles Leclerc,2.0,2.330676
2025_R20,Lance Stroll,14.0,13.992905
2025_R20,Yuki Tsunoda,11.0,10.922683
2025_R20,Alexander Albon,12.0,11.780404
2025_R20,Nico Hulkenberg,19.0,18.979342
2025_R20,Liam Lawson,20.0,18.998447
2025_R20,Esteban Ocon,9.0,8.834332
2025_R20,Franco Colapinto,16.0,16.130636
2025_R20,Lewis Hamilton,8.0,8.391779
2025_R20,Carlos Sainz,17.0,16.66272
2025_R20,George Russell,7.0,6.609602
2025_R20,Oscar Piastri,5.0,5.1891856
2025_R20,Oliver Bearman,4.0,4.637135
2025_R21,Max Verstappen,3.0,3.6246462
2025_R21,Lando Norris,1.0,1.094642
2025_R21,Gabriel Bortoleto,20.0,19.90239
2025_R21,Isack Hadjar,8.0,7.962943
2025_R21,Pierre Gasly,10.0,10.376058
2025_R21,Kimi Antonelli,2.0,2.3898692
2025_R21,Fernando Alonso,14.0,14.034405
2025_R21,Charles Leclerc,19.0,19.464464
2025_R21,Lance Stroll,16.0,16.10397
2025_R21,Yuki Tsunoda,17.0,16.871748
2025_R21,Alexander Albon,11.0,11.278086
2025_R21,Nico Hulkenberg,9.0,9.217891
2025_R21,Liam Lawson,7.0,7.141716
2025_R21,Esteban Ocon,12.0,12.031867
2025_R21,Franco Colapinto,15.0,15.001745
2025_R21,Lewis Hamilton,18.0,17.730215
2025_R21,Carlos Sainz,13.0,12.850588
2025_R21,George Russell,4.0,4.0801535
2025_R21,Oscar Piastri,5.0,5.0585985
2025_R21,Oliver Bearman,6.0,6.280106
2025_R22,Max Verstappen,1.0,1.088066
2025_R22,Lando Norris,19.0,19.16103
2025_R22,Gabriel Bortoleto,17.0,16.452875
2025_R22,Isack Hadjar,6.0,6.3798285
2025_R22,Pierre Gasly,13.0,13.176352
2025_R22,Kimi Antonelli,3.0,3.1049464
2025_R22,Fernando Alonso,11.0,10.517048
2025_R22,Charles Leclerc,4.0,4.214869
2025_R22,Lance Stroll,18.0,18.54961
2025_R22,Yuki Tsunoda,12.0,11.573222
2025_R22,Alexander Albon,16.0,15.971018
2025_R22,Nico Hulkenberg,7.0,7.067888
2025_R22,Liam Lawson,14.0,14.825233
2025_R22,Esteban Ocon,9.0,8.974199
2025_R22,Franco Colapinto,15.0,14.834604
2025_R22,Lewis Hamilton,8.0,8.42202
2025_R22,Carlos Sainz,5.0,6.1226964
2025_R22,George Russell,2.0,1.9674169
2025_R22,Oscar Piastri,20.0,19.360346
2025_R22,Oliver Bearman,10.0,10.504307
2025_R23,Max Verstappen,1.0,1.1609259
2025_R23,Lando Norris,4.0,3.7514129
2025_R23,Gabriel Bortoleto,13.0,13.042459
2025_R23,Isack Hadjar,18.0,18.142467
2025_R23,Pierre Gasly,16.0,15.61838
2025_R23,Kimi Antonelli,5.0,4.9886146
2025_R23,Fernando Alonso,7.0,7.0280566
2025_R23,Charles Leclerc,8.0,8.1804905
2025_R23,Lance Stroll,17.0,16.974234
2025_R23,Yuki Tsunoda,10.0,10.131997
2025_R23,Alexander Albon,11.0,11.08627
2025_R23,Nico Hulkenberg,20.0,19.932512
2025_R23,Liam Lawson,9.0,8.939224
2025_R23,Esteban Ocon,15.0,15.354194
2025_R23,Franco Colapinto,14.0,14.429786
2025_R23,Lewis Hamilton,12.0,11.142113
2025_R23,Carlos Sainz,3.0,4.043837
2025_R23,George Russell,6.0,6.0664372
2025_R23,Oscar Piastri,2.0,2.1976473
2025_R23,Oliver Bearman,19.0,18.08113
2025_R24,Max Verstappen,1.0,1.0219043
2025_R24,Lando Norris,3.0,2.9172227
2025_R24,Gabriel Bortoleto,11.0,11.010146
2025_R24,Isack Hadjar,17.0,17.691593
2025_R24,Pierre Gasly,19.0,18.825573
2025_R24,Kimi Antonelli,15.0,13.891924
2025_R24,Fernando Alonso,6.0,5.837335
2025_R24,Charles Leclerc,4.0,4.1187844
2025_R24,Lance Stroll,10.0,10.267914
2025_R24,Yuki Tsunoda,14.0,13.789365
2025_R24,Alexander Albon,16.0,15.906512
2025_R24,Nico Hulkenberg,9.0,9.314141
2025_R24,Liam Lawson,18.0,18.084858
2025_R24,Esteban Ocon,7.0,6.8038673
2025_R24,Franco Colapinto,20.0,19.882463
2025_R24,Lewis Hamilton,8.0,7.962099
2025_R24,Carlos Sainz,13.0,13.212551
2025_R24,George Russell,5.0,4.9561777
2025_R24,Oscar Piastri,2.0,2.0095973
2025_R24,Oliver Bearman,12.0,12.091775
